time_ms,pitch_deg,vel_left,vel_right,ax,ay,az
20880,0.11551341509962429,0.0,0.0,-0.02,0.06,9.92
20890,-0.22621599788538793,0.0,0.0,0.04,0.15,10.13
20890,-0.22621599788538793,0.0,0.0,0.04,0.15,10.13
20890,-0.22621599788538793,0.0,0.0,0.04,0.15,10.13
20890,-0.22621599788538793,0.0,0.0,0.04,0.15,10.13
20890,-0.22621599788538793,0.0,0.0,0.04,0.15,10.13
20890,-0.22621599788538793,0.0,0.0,0.04,0.15,10.13
20890,-0.22621599788538793,0.0,0.0,0.04,0.15,10.13
20890,-0.22621599788538793,0.0,0.0,0.04,0.15,10.13
20890,-0.22621599788538793,0.0,0.0,0.04,0.15,10.13
20890,-0.22621599788538793,0.0,0.0,0.04,0.15,10.13
20890,-0.22621599788538793,0.0,0.0,0.04,0.15,10.13
20890,-0.22621599788538793,0.0,0.0,0.04,0.15,10.13
20890,-0.22621599788538793,0.0,0.0,0.04,0.15,10.13
20890,-0.22621599788538793,0.0,0.0,0.04,0.15,10.13
20890,-0.22621599788538793,0.0,0.0,0.04,0.15,10.13
20890,-0.22621599788538793,0.0,0.0,0.04,0.15,10.13
20890,-0.22621599788538793,0.0,0.0,0.04,0.15,10.13
20890,-0.22621599788538793,0.0,0.0,0.04,0.15,10.13
20890,-0.22621599788538793,0.0,0.0,0.04,0.15,10.13
20890,-0.22621599788538793,0.0,0.0,0.04,0.15,10.13
20890,-0.22621599788538793,0.0,0.0,0.04,0.15,10.13
20890,-0.22621599788538793,0.0,0.0,0.04,0.15,10.13
20890,-0.22621599788538793,0.0,0.0,0.04,0.15,10.13
20890,-0.22621599788538793,0.0,0.0,0.04,0.15,10.13
20890,-0.22621599788538793,0.0,0.0,0.04,0.15,10.13
20890,-0.22621599788538793,0.0,0.0,0.04,0.15,10.13
20890,-0.22621599788538793,0.0,0.0,0.04,0.15,10.13
20890,-0.22621599788538793,0.0,0.0,0.04,0.15,10.13
20890,-0.22621599788538793,0.0,0.0,0.04,0.15,10.13
20890,-0.22621599788538793,0.0,0.0,0.04,0.15,10.13
20890,-0.22621599788538793,0.0,0.0,0.04,0.15,10.13
20890,-0.22621599788538793,0.0,0.0,0.04,0.15,10.13
20890,-0.22621599788538793,0.0,0.0,0.04,0.15,10.13
20890,-0.22621599788538793,0.0,0.0,0.04,0.15,10.13
20890,-0.22621599788538793,0.0,0.0,0.04,0.15,10.13
20890,-0.22621599788538793,0.0,0.0,0.04,0.15,10.13
20890,-0.22621599788538793,0.0,0.0,0.04,0.15,10.13
20890,-0.22621599788538793,0.0,0.0,0.04,0.15,10.13
20890,-0.22621599788538793,0.0,0.0,0.04,0.15,10.13
20890,-0.22621599788538793,0.0,0.0,0.04,0.15,10.13
20890,-0.22621599788538793,0.0,0.0,0.04,0.15,10.13
20910,-1.9597131753083616,0.48,0.75,0.28,-1.47,8.05
20920,-5.469406906187701,1.56,2.78,1.18,-3.81,11.72
20930,-3.22327109634537,1.52,3.6,0.48,-0.63,8.5
20940,4.54045089318343,1.59,4.06,-0.95,-0.74,11.94
20950,-2.4474581672570532,1.69,3.77,0.44,-1.39,10.2
20960,2.898728040846376,1.77,3.76,-0.45,-0.55,8.87
20970,1.9814423240987875,1.85,3.79,-0.39,-1.09,11.22
20980,-6.1861908658106834,1.95,3.65,1.03,0.49,9.49
20990,5.82265699173586,2.14,3.58,-1.09,-0.91,10.65
21000,-2.5973879312848083,2.44,3.57,0.43,0.41,9.47
21010,0.9062808493106999,2.57,3.63,-0.15,-0.21,9.48
21020,-0.6376165543635758,2.71,3.66,0.12,0.24,10.78
21030,-2.5982730307035333,2.79,3.74,0.42,-1.01,9.2
21040,4.535993715645937,2.85,3.79,-0.84,-0.62,10.57
21050,-2.7147242375268874,2.78,3.88,0.48,0.25,10.12
21060,0.6139518774347268,2.85,3.94,-0.1,-0.19,9.33
21070,1.3416064835753656,2.83,3.92,-0.23,0.46,9.81
21080,-2.0801947814683897,2.83,3.89,0.36,-0.16,9.91
21090,0.26758393436563543,2.66,3.98,-0.05,0.36,10.7
21100,-1.1402757553517482,2.55,4.07,0.19,-1.2,9.47
21110,-2.276828878699843,2.58,4.22,0.39,-0.98,9.76
21120,-1.7793115030714062,2.58,4.31,0.34,-0.57,10.93
21130,-3.3120708448750045,2.71,4.37,0.55,-1.26,9.42
21140,0.45024682947750816,2.73,4.41,-0.08,0.05,10.18
21150,-1.1936906262001634,2.66,4.5,0.22,0.62,10.54
21160,-1.0874711195623938,2.55,4.52,0.18,0.22,9.48
21170,1.8337972528863105,2.47,4.6,-0.37,1.49,11.46
21180,-0.8474326630069882,2.23,4.67,0.15,0.91,10.1
21190,0.18989007568767574,1.9,4.47,-0.03,0.87,9.01
21200,-15.497285838866206,1.91,3.23,2.81,5.64,8.42
21210,-2.2836016395481455,2.02,2.22,0.4,-1.27,9.95
21220,-3.249413737704375,2.02,1.53,0.56,-0.27,9.86
21230,-0.9191082390918092,2.16,1.04,0.17,-1.98,10.41
21240,2.321229222654082,2.35,0.77,-0.41,-1.05,10.06
21250,-4.940983826060744,2.39,0.7,0.85,-0.66,9.81
21260,-1.009999305360434,2.54,0.66,0.18,-0.64,10.19
21270,-1.3849929101649918,2.81,0.84,0.25,0.07,10.34
21280,-3.2595301935597694,3.04,1.18,0.57,-0.61,9.99
21290,-3.005409983325196,3.3,1.79,0.51,-0.68,9.69
21300,-0.3118739718404121,3.47,2.43,0.06,-0.97,10.98
21310,-3.4264833449080663,3.71,2.76,0.6,-1.19,9.95
21320,-2.0537849020429984,3.95,3.14,0.33,-0.64,9.18
21330,0.2054668543895494,4.2,3.66,-0.04,-1.66,11.03
21340,-0.10568642481566173,4.39,3.86,0.02,0.84,10.81
21350,2.253162442758716,4.48,3.74,-0.4,-0.36,10.16
21360,-0.16135851108173335,4.24,3.98,0.03,-0.23,10.65
21370,2.0307377098500723,4.01,4.2,-0.37,0.32,10.43
21380,1.2993799149626264,3.79,4.32,-0.23,-0.03,10.14
21390,-0.24182368694722053,3.68,4.38,0.04,-0.37,9.47
21400,3.016458155115704,3.5,4.41,-0.55,0.6,10.42
21410,-0.7014084474672785,3.35,4.42,0.13,1.37,10.53
21420,-8.091762888123359,3.28,4.13,1.79,4.7,11.68
21430,0.8702412380389423,3.35,3.8,-0.15,-2.23,9.62
21440,-4.03027983135357,3.42,3.55,0.63,0.75,8.91
21450,-3.4309512692219593,3.48,3.02,0.62,-1.03,10.29
21460,-1.601836556641957,3.6,2.63,0.25,-0.42,8.93
21470,-4.709348625323014,3.93,2.38,0.87,-0.48,10.55
21480,-1.721552212626203,4.15,2.26,0.29,1.23,9.57
21490,-5.007145900236674,4.46,2.47,0.8,0.13,9.13
21500,-4.546533746654688,4.84,3.06,0.86,-0.57,10.8
21510,-1.542249676062783,5.33,4.05,0.24,0.98,8.86
21520,-2.872751363712207,6.27,5.08,0.59,-0.64,11.74
21530,1.7028145309620122,6.59,5.76,-0.29,0.54,9.74
21540,7.304295919128172,7.17,6.98,-1.14,0.26,8.89
21550,8.015278719142362,7.01,7.39,-1.73,1.27,12.22
21560,7.388467643267619,6.48,7.34,-1.31,-1.69,9.96
21570,2.753807394492696,5.31,7.59,-0.49,0.59,10.17
21580,2.743537078874029,4.14,7.22,-0.52,0.17,10.85
21590,-2.006838377397489,3.18,7.01,0.36,1.23,10.2
21600,2.1802597684867298,2.39,7.04,-0.41,1.22,10.7
21610,-0.0,1.76,7.02,0.0,1.45,9.84
21620,-3.5201613964994714,1.13,7.16,0.54,0.38,8.77
21630,-0.5184141210498588,0.69,7.1,0.08,0.45,8.83
21640,-2.8357684537738623,0.3,7.08,0.46,1.19,9.21
21650,-3.46361998086166,0.05,7.0,0.53,0.54,8.74
21660,-0.7129474192127507,-0.09,6.65,0.24,7.08,17.94
21670,-1.0147572010776849,-0.29,6.2,0.17,-2.99,9.12
21680,-9.235370022141506,-0.29,5.69,1.46,1.63,8.83
21690,2.2768989461653275,-0.28,5.23,-0.41,-2.03,10.11
21700,-3.3557476135512063,-0.22,4.89,0.52,-1.56,8.73
21710,-1.997142733174198,-0.24,4.49,0.4,0.5,11.46
21720,0.5046850955973707,-0.27,3.99,-0.08,0.19,9.08
21730,-0.6104158242621188,-0.29,3.65,0.11,1.78,10.17
21740,0.544822641928987,-0.35,3.3,-0.1,1.49,10.41
21750,-0.241751698783883,-0.46,2.92,0.04,1.68,9.33
21760,2.1061095057084307,-0.51,2.51,-0.39,1.34,10.52
21770,-0.17109935838142057,-0.68,2.12,0.03,0.85,10.01
21780,0.5611541390810183,-0.79,1.69,-0.1,-0.02,10.21
21790,2.122385415055664,-0.9,1.32,-0.37,-0.28,9.98
21800,2.6770239839135974,-1.08,0.98,-0.47,-0.2,10.05
21810,2.1366006670881785,-1.32,0.53,-0.38,0.72,10.16
21820,3.4446687531502813,-1.65,0.19,-0.62,1.2,10.23
21830,4.650789973423162,-2.02,-0.13,-0.87,1.26,10.62
21840,3.7896746038966853,-2.45,-0.51,-0.7,1.28,10.49
21850,3.363354145127357,-2.95,-0.81,-0.61,1.2,10.31
21860,1.8420620188616532,-3.74,-1.24,-0.32,1.54,9.83
21870,3.1461677317132732,-4.94,-1.81,-0.56,1.48,10.08
21880,2.5896925302197764,-5.79,-2.26,-0.52,2.37,11.25
21890,-1.21297985282274,-7.27,-3.24,0.16,-0.5,7.54
21900,-1.6486056299711989,-8.93,-4.64,0.36,2.93,12.16
21910,13.45566813444873,-10.43,-5.68,-2.8,-3.36,11.21
21920,-1.1937073982162338,-12.45,-7.33,0.25,4.43,11.15
21930,14.26760560461966,-14.61,-8.84,-3.83,-0.8,15.04
21940,4.079375271831639,-17.04,-9.48,-0.83,-4.53,10.72
21950,-1.9906582654930425,-19.51,-10.96,0.27,0.53,7.75
21960,17.825743753128418,-21.63,-13.4,-2.88,1.31,8.86
21970,5.942378860117037,-23.17,-15.49,-0.69,-3.21,5.8
21980,-3.1043755914578193,-25.19,-17.15,0.48,-3.99,7.9
21990,12.889773016366467,-26.22,-18.73,-2.83,-3.4,11.89
22000,-23.516713185170676,-26.73,-19.53,3.38,4.03,6.64
22010,12.773117351160849,-26.87,-18.02,-3.26,-4.73,13.58
22020,16.312429047331417,-26.59,-14.04,-4.05,-7.86,11.39
22030,34.83697631786603,-26.84,-9.76,-5.92,-5.58,6.42
22040,40.391121691686266,-27.02,-7.28,-7.04,-8.19,-1.18
22050,72.90137861692602,-27.05,-7.22,-11.98,-3.28,1.68
22060,60.58658819366427,-27.58,-9.66,-8.05,-4.42,1.03
22070,51.7735199279375,-27.76,-13.86,-10.18,2.81,7.51
22080,47.93373142500893,-27.01,-18.0,-6.59,4.27,4.14
22090,49.84910984682445,-26.39,-21.91,-7.49,2.46,5.82
22100,56.62655692120617,-25.64,-24.88,-6.39,0.76,4.14
22110,65.60167953414188,-24.14,-25.31,-5.86,2.13,1.59
22120,44.34279516615452,-16.37,-18.41,-6.79,-2.17,6.6
22130,47.252641354709844,-6.64,-8.33,-9.32,-0.5,8.6
22140,64.41654732182636,1.57,1.25,-10.04,2.62,4.03
22150,70.51227658970133,7.61,8.45,-12.9,-0.37,4.55
22160,56.774374380110636,9.33,11.4,-12.56,0.78,8.19
22170,63.501831477777536,7.26,9.87,-10.4,2.61,4.48
22180,72.78145239372623,4.02,6.04,-10.91,1.54,3.01
22190,77.60754664529956,2.31,2.7,-9.63,-0.63,2.02
22200,74.59447238203133,1.48,1.33,-8.18,-0.39,2.22
22210,68.41134871956544,1.1,1.46,-8.91,1.48,3.2
22220,70.7220343147346,0.72,1.94,-7.3,1.66,1.94
22230,72.50307955688221,0.56,2.19,-7.56,0.94,2.19
22240,74.6610209166136,0.47,2.18,-7.29,0.85,1.81
22250,75.63051405999329,0.71,1.81,-7.34,0.92,1.64
22260,71.18161016244288,0.9,1.37,-9.43,1.32,2.93
22270,69.882486306448,0.71,0.96,-9.87,2.09,2.95
22280,72.45996595484387,0.43,0.64,-11.34,2.12,2.89
22290,78.11266053000695,0.26,0.51,-12.53,1.85,1.88
22300,83.5094442010597,0.21,0.51,-13.04,1.28,0.75
22310,87.3789222698814,0.24,0.5,-13.51,0.15,0.6
22320,88.11182486864303,0.26,0.42,-12.47,0.31,-0.27
22330,88.923498144553,0.16,0.31,-11.72,-0.22,0.01
22340,87.0215399342936,0.1,0.26,-9.8,-0.22,0.46
22350,79.9154402276091,-0.0,0.16,-10.11,0.17,1.79
22360,74.81880784893464,0.05,0.14,-9.53,0.58,2.52
22370,70.11549006913471,0.15,0.14,-9.15,1.5,2.95
22380,68.16808370506978,0.45,0.2,-9.23,1.43,3.41
22390,65.67900895465884,0.76,0.24,-9.11,1.98,3.61
22400,63.42008885036522,1.01,0.21,-8.62,2.39,3.59
22410,64.60059292270803,1.18,0.25,-7.78,1.68,3.29
22420,62.29964807970282,1.19,0.28,-7.19,2.33,2.97
22430,58.01749581090942,1.11,0.36,-6.5,2.89,2.85
22440,50.40594907692268,0.97,0.34,-6.11,3.81,3.32
22450,43.07207533272763,0.77,0.19,-5.64,5.39,2.71
22460,41.464199799384254,0.57,0.18,-5.84,6.26,2.12
22470,40.20887742051616,0.28,0.35,-5.79,6.79,0.9
22480,49.65260229279398,0.04,0.64,-7.47,6.32,0.57
22490,58.41124732801503,-0.22,0.87,-7.97,4.9,-0.1
22500,63.57669912513473,-0.44,0.83,-8.09,4.02,-0.01
22510,66.63820117426059,-0.67,0.5,-8.26,3.47,0.83
22520,64.94109251788569,-0.95,0.12,-8.25,3.28,2.03
22530,62.3474792781179,-1.17,-0.16,-8.15,2.85,3.18
22540,59.584055592145354,-1.25,-0.21,-8.14,2.66,3.97
22550,58.53925603247192,-1.23,-0.13,-8.8,2.68,4.67
22560,62.72598226084087,-1.09,-0.08,-9.64,1.93,4.58
22570,70.4335984951843,-0.9,-0.05,-10.49,1.2,3.53
22580,74.22566547956848,-0.37,-0.15,-10.41,1.94,2.21
22590,72.94368619607029,0.15,-0.26,-9.54,2.7,1.13
22600,63.189807840646516,0.57,-0.32,-9.02,4.52,0.59
22610,55.230385490106286,0.78,-0.25,-8.27,5.73,0.36
22620,53.663846410212024,0.84,-0.23,-7.81,5.74,0.23
22630,53.42367984458659,0.86,-0.39,-7.72,5.7,0.57
22640,53.03635550267965,0.76,-0.48,-7.38,5.49,0.84
22650,60.08598403833589,0.63,-0.46,-7.36,4.14,0.89
22660,61.51048609302831,0.32,-0.21,-7.62,4.0,1.05
22670,63.78373082344139,0.07,0.05,-8.12,3.76,1.36
22680,68.89354939518192,-0.14,0.16,-8.62,2.97,1.5
22690,70.14309418300486,-0.26,0.1,-8.82,2.81,1.5
22700,71.2110585648086,-0.35,0.13,-9.8,2.8,1.81
22710,75.51291826790528,-0.27,0.08,-9.94,2.26,1.22
22720,75.98739653172802,-0.12,0.05,-10.25,2.05,1.53
22730,73.41797253097013,-0.02,0.03,-10.2,2.55,1.65
22740,70.90221059423689,-0.01,0.02,-9.99,3.04,1.65
22750,70.95247597185076,0.11,0.01,-10.01,2.76,2.08
22760,68.83103963779342,0.2,0.01,-9.57,3.12,2.0
22770,69.03140182650628,0.32,0.0,-9.41,2.91,2.13
22780,69.36235033856093,0.38,0.0,-9.33,2.74,2.2
22790,71.70755901809021,0.46,0.0,-9.1,2.22,2.03
22800,71.13932256151244,0.52,0.0,-8.88,2.14,2.15
22810,69.51483911051912,0.56,0.0,-8.62,2.09,2.45
22820,66.80468814457231,0.64,0.0,-8.22,2.15,2.79
22830,63.260279862950505,0.69,0.07,-8.12,2.29,3.39
22840,61.9078253996153,0.59,0.05,-8.15,2.32,3.68
22850,62.32671617481744,0.58,0.03,-8.11,1.89,3.81
22860,63.171045851067795,0.65,0.02,-8.26,1.8,3.77
22870,65.3817380001001,0.64,0.01,-8.58,1.51,3.63
22880,66.55973334257807,0.63,0.01,-9.04,1.55,3.6
22890,66.8091933485908,0.58,0.08,-9.3,1.62,3.64
22900,68.029132332526,0.41,0.25,-9.62,1.45,3.6
22910,68.69122646209449,0.22,0.46,-9.4,1.06,3.51
22920,65.1917715022692,0.14,0.4,-8.34,1.7,3.46
22930,62.98599649105811,0.02,0.24,-7.88,1.99,3.49
22940,61.09352544541821,-0.04,0.03,-7.5,2.35,3.41
22950,58.601732551941254,-0.14,0.02,-7.19,2.58,3.55
22960,57.30072558402952,-0.33,0.01,-7.12,2.3,3.95
22970,54.93324248753896,-0.44,0.01,-6.87,2.26,4.26
22980,53.186420297483096,-0.46,0.0,-6.91,2.18,4.69
22990,52.42925869498515,-0.47,0.0,-6.91,1.69,5.04
23000,53.19314647234667,-0.46,0.06,-7.19,1.22,5.24
23010,53.883493742867614,-0.45,0.27,-7.35,1.23,5.22
23020,54.7847061414336,-0.46,0.52,-7.73,1.52,5.24
23030,56.10000630391013,-0.4,0.67,-7.75,1.19,5.07
23040,57.28596214728815,-0.3,0.56,-7.5,0.6,4.78
23050,59.04286859122534,-0.11,0.22,-7.86,0.89,4.63
23060,60.248779871748766,-0.0,-0.11,-8.01,1.23,4.41
23070,64.31412251972989,0.06,-0.24,-8.18,1.19,3.75
23080,68.82385760460751,0.21,-0.21,-8.58,0.16,3.32
23090,74.01699012196897,0.31,-0.38,-9.54,-1.08,2.51
23100,79.8308095738153,0.31,-0.53,-12.11,-1.48,1.59
23110,69.75968193269657,0.3,-0.65,-18.05,-4.6,4.81
23120,63.117451988399864,0.13,-0.4,-13.66,-6.92,0.26
23130,81.09897833973666,0.17,-0.2,-12.9,0.49,1.96
23140,75.97293664922627,-0.17,-0.07,-10.57,1.43,2.22
23150,70.9699868051516,-0.11,-0.11,-9.26,1.59,2.77
23160,66.32360472463179,0.07,-0.07,-9.75,2.73,3.29
23170,72.4902728410765,0.28,-0.04,-8.52,0.85,2.55
23180,67.66199177970407,0.52,-0.03,-8.83,2.14,2.93
23190,72.18418706775807,0.6,-0.02,-7.46,0.8,2.26
23200,69.15018144384953,0.54,-0.01,-7.87,0.21,2.99
23210,64.8722203650376,0.44,-0.01,-7.54,1.72,3.09
23220,65.6708824958991,0.27,-0.0,-6.78,0.63,3.0
23230,59.81648198041072,0.1,-0.0,-8.55,1.3,4.8
23240,57.575785503217965,0.06,-0.0,-7.81,2.0,4.54
23250,58.649869375679074,-0.08,-0.0,-7.75,1.52,4.47
23260,55.968370383396646,-0.12,-0.0,-8.67,0.54,5.83
23270,55.73412236855943,-0.07,0.06,-7.98,1.8,5.13
23280,57.642083203089086,-0.05,-0.01,-8.02,1.01,4.98
23290,59.50766636813776,-0.09,-0.05,-8.41,0.47,4.93
23300,52.11523911332999,-0.06,0.04,-9.68,-2.04,7.25
23310,57.645299974170875,0.04,0.08,-7.22,-2.59,3.77
23320,61.15975024658085,0.0,0.05,-9.2,1.56,4.82
23330,60.81254992646348,0.06,0.03,-7.67,-1.21,4.11
23340,58.65936497753789,0.04,0.09,-8.32,1.79,4.74
23350,60.86122841959076,0.02,0.12,-8.1,-0.64,4.47
23360,59.0796364577293,0.01,0.13,-8.0,0.13,4.79
23370,55.21302354155185,0.01,0.14,-8.61,0.12,5.98
23380,56.78357183453029,0.01,0.08,-7.93,-0.36,5.18
23390,57.04446845489701,0.12,0.04,-8.04,0.58,5.18
23400,57.35419681446105,0.15,0.03,-7.87,0.14,5.04
23410,57.08760193982085,0.15,0.02,-8.04,0.93,5.12
23420,57.683165845316914,0.15,0.01,-7.67,0.34,4.84
23430,59.41185035111434,0.14,0.13,-8.08,0.5,4.75
23440,62.17210059256452,0.08,0.14,-8.42,-0.36,4.43
23450,61.122294463558454,0.04,0.15,-8.51,0.18,4.69
23460,59.068751612850456,-0.05,0.2,-8.2,0.19,4.91
23470,57.614465968807195,-0.03,0.19,-8.1,0.62,5.1
23480,58.270168431092756,-0.07,0.12,-8.12,0.33,5.01
23490,59.158942768130316,-0.04,0.07,-8.27,0.28,4.93
23500,60.37415037197006,-0.03,0.04,-8.3,-0.01,4.72
23510,61.28635466920088,-0.02,0.09,-8.43,0.27,4.61
23520,62.628430644382014,-0.01,0.12,-8.53,0.48,4.39
23530,63.430902153557525,-0.05,0.13,-8.58,0.59,4.25
23540,62.748291521169115,-0.03,0.2,-8.55,0.62,4.36
23550,61.51445176332073,-0.07,0.3,-8.46,0.68,4.54
23560,60.67857995109785,-0.04,0.38,-8.31,0.59,4.63
23570,59.971689168889995,-0.07,0.36,-8.28,0.39,4.77
23580,59.21223853774802,-0.11,0.39,-8.23,0.19,4.9
23590,58.756670896331755,-0.07,0.36,-8.21,0.08,4.98
23600,57.69991143641974,-0.04,0.4,-8.1,0.08,5.12
23610,57.89738144065548,-0.02,0.37,-8.07,0.36,5.05
23620,57.166352959260365,-0.02,0.28,-8.04,0.29,5.18
23630,57.514568195024815,-0.01,0.11,-7.95,0.47,5.04
23640,57.045242389742114,-0.01,0.01,-8.02,0.31,5.19
23650,57.425641063391154,-0.0,0.08,-8.15,0.27,5.2
23660,58.36810865720147,0.07,0.05,-8.12,0.13,5.0
