Timestamp_ms,MotorLeft_Vel,MotorRight_Vel,AccelX,AccelY,AccelZ
1398025,0.63,0.81,0.09,-0.05,9.75
1398035,0.69,0.84,0.13,-0.07,9.72
1398045,0.68,0.89,0.05,-0.11,9.64
1398055,0.77,1.03,0.20,-0.03,9.70
1398065,0.88,1.09,0.15,0.04,9.75
1398075,1.02,1.14,0.20,0.03,9.64
1398085,1.16,1.29,0.28,0.17,9.66
1398095,1.29,1.37,0.25,0.10,9.80
1398105,1.46,1.52,0.15,0.44,9.81
1398115,1.53,1.64,0.12,0.55,9.75
1398125,1.56,1.74,0.07,0.44,9.79
1398135,1.60,1.78,0.04,-0.08,9.81
1398145,1.70,1.81,0.13,-0.30,9.80
1398155,1.74,1.80,0.08,-0.57,9.78
1398165,1.79,1.75,0.14,-0.58,9.80
1398175,1.85,1.75,0.12,-0.46,9.82
1398185,1.82,1.65,0.13,-0.09,9.91
1398195,1.79,1.57,0.25,0.01,10.00
1398205,1.73,1.46,-0.07,0.60,10.13
1398215,1.64,1.42,0.12,0.87,10.04
1398225,1.46,1.31,0.07,0.71,9.89
1398235,1.34,1.26,0.16,0.44,9.78
1398245,1.30,1.18,0.09,0.03,9.89
1398255,1.18,1.17,0.18,-0.31,9.71
1398308,1.32,1.27,0.32,0.63,9.69
1398318,1.36,1.39,0.36,0.77,9.84
1398328,1.35,1.49,0.33,0.85,9.81
1398338,1.35,1.55,0.28,0.27,9.83
1398348,1.42,1.54,0.06,0.01,9.93
1398358,1.41,1.53,0.19,-0.78,9.91
1398368,1.39,1.48,0.18,-0.83,9.81
1398378,1.38,1.40,0.31,-0.56,9.98
1398388,1.37,1.27,0.18,-0.15,9.79
1398398,1.36,1.19,0.30,0.38,9.98
1398408,1.30,1.15,0.20,0.64,9.89
1398418,1.21,1.07,0.36,0.82,9.90
1398428,1.13,0.97,0.13,0.79,9.95
1398438,0.98,0.93,0.29,0.55,9.85
1398448,0.83,0.85,0.27,0.09,9.88
1398458,0.75,0.82,0.17,-0.20,9.86
1398468,0.64,0.75,0.26,-0.35,9.76
1398478,0.63,0.68,0.27,-0.31,9.78
1398488,0.62,0.70,0.29,-0.15,9.74
1398498,0.62,0.67,0.21,0.08,9.73
1398508,0.62,0.67,0.39,0.25,9.65
1398518,0.68,0.65,0.29,0.33,9.82
1398528,0.66,0.63,0.35,0.29,9.71
1398538,0.71,0.69,0.39,0.18,9.59
1398548,0.74,0.73,0.36,0.06,9.72
1398558,0.74,0.74,0.39,0.04,9.76
1398568,0.80,0.79,0.37,0.10,9.71
1398578,0.80,0.85,0.36,0.10,9.80
1398588,0.76,0.86,0.20,0.19,9.95
1398598,0.76,0.88,0.49,0.39,9.78
1398608,0.71,0.90,0.40,0.49,9.75
1398618,0.66,0.92,0.19,0.37,9.97
1398628,0.56,0.90,0.32,0.24,9.87
1398638,0.55,0.88,0.19,0.00,9.91
1398648,0.40,0.78,0.17,-0.05,9.97
1398658,0.24,0.70,0.19,-0.16,10.00
1398668,0.15,0.55,0.21,-0.10,9.92
1398678,0.02,0.45,0.26,-0.06,9.88
1398688,-0.06,0.33,0.25,0.02,9.84
1398698,-0.10,0.20,0.32,0.09,9.71
1398708,-0.13,0.13,0.34,0.03,9.76
1398718,-0.14,0.02,0.35,0.00,9.74
1398728,-0.09,-0.05,0.36,-0.02,9.75
1398738,-0.05,-0.10,0.40,-0.06,9.74
1398748,-0.03,-0.13,0.41,-0.03,9.74
1398758,-0.07,-0.15,0.40,0.06,9.70
1398768,-0.04,-0.16,0.40,0.11,9.78
1398778,-0.03,-0.10,0.45,0.22,9.82
1398788,-0.06,-0.12,0.43,0.22,9.83
1398798,-0.11,-0.15,0.42,0.24,9.81
1398808,-0.13,-0.16,0.46,0.19,9.88
1398818,-0.20,-0.17,0.49,0.15,9.89
1398828,-0.18,-0.16,0.47,0.05,9.93
1398838,-0.28,-0.28,0.52,0.06,9.91
1398848,-0.42,-0.29,0.43,0.01,10.05
1398858,-0.50,-0.40,0.56,0.09,9.95
1398868,-0.60,-0.49,0.36,0.15,10.05
1398878,-0.71,-0.66,0.45,0.15,9.88
1398888,-0.90,-0.78,0.30,0.14,9.99
1398898,-1.08,-0.88,0.32,0.18,10.05
1398908,-1.28,-1.07,0.15,0.07,10.11
1398918,-1.40,-1.28,0.37,0.09,9.78
1398928,-1.61,-1.42,0.33,-0.14,10.20
1398938,-1.69,-1.59,0.54,0.26,9.97
1398948,-1.72,-1.68,0.54,0.29,9.62
1398958,-1.75,-1.75,0.51,0.24,9.74
1398968,-1.79,-1.73,0.54,-0.08,9.71
1398978,-1.75,-1.77,0.37,-0.21,9.71
1398988,-1.72,-1.86,0.34,-0.28,9.80
1398998,-1.81,-1.96,0.38,-0.12,9.68
1399008,-1.81,-1.95,0.28,0.07,9.99
1399018,-1.81,-2.02,0.55,0.33,9.85
1399028,-1.69,-1.87,0.70,0.26,9.44
1399038,-1.63,-1.80,0.55,0.47,9.87
1399048,-1.60,-1.65,0.45,0.27,9.76
1399058,-1.56,-1.60,0.30,0.19,9.83
1399068,-1.67,-1.55,0.28,0.13,9.87
1399078,-1.75,-1.62,0.17,0.02,9.82
1399088,-1.84,-1.65,0.25,-0.20,9.83
1399098,-1.91,-1.73,0.20,0.02,10.16
1399108,-1.91,-1.73,0.45,0.08,9.81
1399118,-1.93,-1.82,0.45,0.55,9.55
1399128,-1.85,-1.78,0.37,0.26,9.75
1399138,-1.79,-1.82,0.48,0.15,9.65
1399148,-1.73,-1.74,0.09,-0.17,9.86
1399158,-1.71,-1.76,0.32,-0.25,9.77
1399168,-1.66,-1.82,0.34,-0.35,9.81
1399178,-1.71,-1.81,0.15,-0.30,9.90
1399188,-1.65,-1.77,0.52,-0.22,9.82
1399198,-1.60,-1.67,0.42,-0.14,9.86
1399208,-1.51,-1.59,0.37,0.50,9.89
1399218,-1.51,-1.61,0.37,0.80,9.68
1399228,-1.44,-1.52,0.20,0.80,9.82
1399238,-1.46,-1.46,0.21,0.62,9.83
1399248,-1.56,-1.43,0.07,0.20,9.77
1399258,-1.63,-1.48,0.04,-0.05,10.03
1399268,-1.72,-1.56,0.11,-0.30,9.94
1399278,-1.76,-1.54,0.25,-0.34,9.64
1399288,-1.73,-1.59,0.43,-0.17,9.84
1399298,-1.70,-1.57,0.31,-0.08,9.87
1399308,-1.58,-1.50,0.37,0.14,9.64
1399318,-1.47,-1.48,0.30,0.22,9.74
1399328,-1.37,-1.39,0.18,0.27,9.69
1399338,-1.30,-1.38,0.17,0.12,9.82
1399348,-1.26,-1.31,0.24,0.10,9.76
1399358,-1.12,-1.25,0.28,-0.12,9.75
1399368,-1.05,-1.19,0.32,-0.24,9.52
1399378,-0.93,-1.08,0.16,-0.10,9.84
1399388,-0.86,-1.07,0.28,0.08,9.84
1399398,-0.83,-1.02,0.23,0.37,9.82
1399408,-0.75,-0.93,0.26,0.34,9.82
1399418,-0.74,-0.92,0.30,0.41,9.78
1399428,-0.74,-0.87,0.12,0.14,9.86
1399438,-0.71,-0.79,0.22,0.10,9.86
1399448,-0.74,-0.77,0.13,-0.02,9.95
1399458,-0.75,-0.76,0.10,-0.03,9.81
1399468,-0.80,-0.75,0.21,0.04,9.83
1399478,-0.85,-0.76,0.13,0.15,9.88
1399488,-0.89,-0.72,0.06,0.17,9.82
1399498,-0.95,-0.72,0.08,0.23,9.86
1399508,-0.99,-0.79,-0.01,0.24,9.88
1399518,-1.04,-0.86,0.04,0.19,9.81
1399528,-1.11,-0.82,0.13,0.02,9.78
1399538,-1.10,-0.86,0.03,-0.00,9.84
1399548,-1.14,-0.89,0.13,-0.10,9.85
1399558,-1.12,-0.91,0.24,-0.22,9.71
1399568,-0.97,-0.80,0.28,-0.08,9.69
1399578,-0.77,-0.67,0.33,0.14,9.55
1399588,-0.59,-0.60,0.30,0.28,9.63
1399598,-0.41,-0.42,0.26,0.33,9.67
1399608,-0.26,-0.31,0.25,0.25,9.75
1399618,-0.10,-0.24,0.11,0.05,9.87
1399628,0.02,-0.14,0.18,-0.13,9.83
1399638,0.08,-0.15,0.13,-0.20,9.92
1399648,0.05,-0.10,0.09,-0.11,9.87
1399658,0.09,-0.06,0.19,0.05,9.89
1399668,0.06,-0.04,0.10,0.23,9.85
1399678,0.10,0.04,0.15,0.38,9.81
1399688,0.07,0.03,0.15,0.39,9.85
1399698,0.11,0.08,0.15,0.29,9.80
1399708,0.07,0.12,0.13,0.15,9.82
1399718,0.05,0.08,0.08,-0.03,9.86
1399728,0.03,0.09,0.08,-0.12,9.85
1399738,0.07,0.11,0.06,-0.07,9.81
1399748,0.11,0.14,0.04,0.04,9.81
1399758,0.07,0.15,0.05,0.18,9.82
1399768,0.17,0.16,-0.01,0.26,9.82
1399778,0.11,0.16,0.04,0.31,9.78
1399788,0.19,0.21,-0.04,0.25,9.78
1399798,0.17,0.31,0.02,0.15,9.72
1399808,0.30,0.32,-0.02,0.07,9.78
1399818,0.31,0.38,0.03,-0.02,9.73
1399828,0.37,0.48,0.02,-0.01,9.75
1399838,0.41,0.53,0.03,0.04,9.69
1399848,0.49,0.63,0.04,0.08,9.69
1399858,0.58,0.73,0.04,0.15,9.72
1399868,0.64,0.86,0.05,0.20,9.72
1399878,0.82,0.96,0.09,0.22,9.61
1399888,0.91,1.10,0.05,0.26,9.68
1399898,1.00,1.22,0.22,0.17,9.60
1399908,1.09,1.37,0.06,0.12,9.70
1399918,1.15,1.51,0.14,0.16,9.91
1399928,1.27,1.62,0.06,-0.28,9.82
1399938,1.31,1.65,-0.00,-0.33,9.85
1399948,1.34,1.68,0.11,-0.20,10.10
1399958,1.42,1.64,-0.01,-0.12,9.75
1399968,1.39,1.67,0.08,0.09,9.82
1399978,1.50,1.63,0.13,0.37,9.83
1399988,1.50,1.64,0.17,0.53,9.66
1399998,1.57,1.63,0.11,0.50,9.94
1400008,1.62,1.60,0.06,-0.06,9.77
1400018,1.64,1.58,0.09,-0.30,9.83
1400028,1.66,1.43,0.04,-0.64,10.13
1400038,1.69,1.41,-0.05,-0.34,9.98
1400048,1.64,1.34,0.09,-0.11,9.90
1400058,1.48,1.31,0.06,0.20,9.90
1400068,1.44,1.23,0.12,0.73,9.82
1400078,1.39,1.25,0.32,0.85,9.60
1400088,1.33,1.35,0.19,0.88,9.70
1400098,1.34,1.41,0.26,0.46,9.67
1400108,1.36,1.52,0.21,-0.01,9.79
1400118,1.38,1.54,0.19,-0.41,9.83
1400128,1.42,1.49,0.16,-0.69,9.85
1400138,1.39,1.56,0.12,-0.40,10.05
1400148,1.43,1.47,0.06,0.11,9.88
1400158,1.38,1.46,0.13,0.35,9.87
1400168,1.35,1.40,0.20,0.48,9.69
1400178,1.38,1.35,0.25,0.43,9.70
1400188,1.44,1.35,0.19,0.20,9.75
1400198,1.47,1.34,0.27,-0.15,9.82
1400208,1.50,1.36,0.17,-0.48,9.81
1400218,1.52,1.30,0.17,-0.53,9.80
1400228,1.50,1.26,0.18,-0.42,9.92
1400238,1.52,1.26,0.14,-0.31,9.97
1400248,1.52,1.21,0.21,0.32,9.97
1400258,1.46,1.15,0.20,0.80,9.79
1400268,1.43,1.18,0.29,1.04,9.66
1400278,1.37,1.22,0.23,0.90,9.59
1400288,1.30,1.27,0.32,0.61,9.65
1400298,1.34,1.37,0.42,0.15,9.82
1400308,1.36,1.49,0.35,-0.37,9.77
1400318,1.38,1.56,0.28,-0.48,9.85
1400328,1.34,1.52,0.23,-0.44,9.91
1400338,1.39,1.50,0.07,-0.55,10.09
1400348,1.33,1.45,0.14,-0.17,9.97
1400358,1.27,1.36,0.11,0.49,10.07
1400368,1.27,1.26,0.25,0.67,9.74
1400378,1.22,1.21,0.28,0.65,9.84
1400388,1.17,1.10,0.29,0.37,9.80
1400398,1.13,1.09,0.30,0.13,9.66
1400408,1.17,1.10,0.37,-0.13,9.72
1400418,1.19,1.09,0.37,-0.27,9.82
1400428,1.22,1.09,0.32,-0.26,9.88
1400438,1.16,1.08,0.20,-0.21,9.89
1400448,1.15,1.02,0.27,-0.06,10.01
1400458,1.11,0.92,0.15,0.09,9.90
1400468,1.06,0.87,0.25,0.18,9.92
1400478,0.94,0.78,0.16,0.32,9.91
1400488,0.86,0.71,0.21,0.50,9.83
1400498,0.83,0.67,0.32,0.56,9.80
1400508,0.74,0.70,0.25,0.40,9.70
1400518,0.71,0.67,0.35,0.31,9.72
1400528,0.69,0.76,0.34,0.11,9.72
1400538,0.68,0.83,0.37,-0.05,9.69
1400548,0.65,0.86,0.41,-0.02,9.72
1400558,0.64,0.90,0.36,0.09,9.82
1400568,0.63,0.97,0.48,0.24,9.78
1400578,0.63,0.94,0.37,0.29,9.88
1400588,0.56,0.99,0.30,0.16,9.87
1400598,0.57,1.01,0.30,0.11,9.89
1400608,0.53,0.97,0.17,0.02,9.97
1400618,0.46,0.96,0.29,-0.06,9.85
1400628,0.40,0.89,0.24,-0.06,9.92
1400638,0.30,0.73,0.23,-0.17,9.90
1400648,0.30,0.62,0.25,-0.01,9.90
1400658,0.19,0.49,0.30,-0.06,9.87
1400668,0.17,0.36,0.33,0.01,9.86
1400678,0.16,0.26,0.32,0.05,9.85
1400688,0.10,0.16,0.33,0.03,9.85
1400698,0.06,0.04,0.36,0.08,9.76
1400708,0.04,-0.05,0.33,0.05,9.79
1400718,0.02,-0.03,0.37,0.13,9.74
1400728,0.01,-0.06,0.35,0.15,9.78
1400738,0.01,-0.09,0.38,0.14,9.75
1400748,0.01,-0.12,0.38,0.18,9.76
1400758,0.00,-0.08,0.38,0.14,9.76
1400768,0.00,-0.05,0.37,0.19,9.79
1400778,0.00,-0.03,0.37,0.12,9.79
1400788,0.00,-0.07,0.36,0.05,9.79
1400798,-0.05,-0.04,0.37,0.07,9.80
1400808,-0.03,-0.09,0.34,0.05,9.76
1400818,-0.02,-0.06,0.36,0.06,9.79
1400828,-0.07,-0.08,0.35,0.10,9.82
1400838,-0.04,-0.11,0.37,0.12,9.79
1400848,-0.09,-0.13,0.33,0.18,9.84
1400858,-0.12,-0.14,0.38,0.15,9.86
1400868,-0.13,-0.21,0.37,0.11,9.81
1400878,-0.14,-0.19,0.37,0.14,9.83
1400888,-0.20,-0.17,0.38,0.09,9.86
1400898,-0.24,-0.22,0.38,0.13,9.85
1400908,-0.26,-0.24,0.40,0.11,9.83
1400918,-0.40,-0.27,0.36,0.18,9.92
1400928,-0.42,-0.30,0.40,0.19,9.87
1400938,-0.55,-0.36,0.38,0.24,9.95
1400948,-0.65,-0.35,0.34,0.18,9.91
1400958,-0.69,-0.40,0.37,0.18,9.96
1400968,-0.84,-0.49,0.38,0.15,9.89
1400978,-0.97,-0.48,0.34,0.14,10.04
1400988,-1.02,-0.54,0.62,0.20,9.74
1400998,-1.11,-0.57,0.49,0.22,9.95
1401008,-1.16,-0.64,0.35,0.15,10.05
1401018,-1.19,-0.74,0.36,0.02,9.96
1401028,-1.30,-0.94,0.29,-0.17,10.01
1401038,-1.31,-1.12,0.38,-0.28,9.89
1401048,-1.39,-1.22,0.23,-0.35,9.89
1401058,-1.45,-1.40,0.31,-0.17,9.92
1401068,-1.60,-1.55,0.49,-0.04,9.89
1401078,-1.64,-1.64,0.35,0.00,10.05
1401088,-1.66,-1.71,0.44,0.08,9.87
1401098,-1.67,-1.82,0.48,0.30,9.77
1401108,-1.71,-1.88,0.32,0.43,9.91
1401118,-1.79,-1.96,0.32,0.45,9.88
1401128,-1.92,-2.01,0.35,0.30,9.73
1401138,-1.98,-2.14,0.46,0.30,9.90
1401148,-2.02,-2.07,0.59,-0.34,9.55
1401158,-1.99,-1.96,0.37,-0.35,9.96
1401168,-2.00,-1.85,0.59,-0.20,9.74
1401178,-1.94,-1.77,0.44,0.42,9.49
1401188,-1.85,-1.74,0.37,0.52,9.80
1401198,-1.79,-1.67,0.34,0.55,9.55
1401208,-1.77,-1.70,0.24,0.41,9.89
1401218,-1.73,-1.76,0.16,0.12,9.88
1401228,-1.72,-1.81,0.38,-0.39,9.66
1401238,-1.76,-1.82,0.16,-0.57,10.10
1401248,-1.75,-1.78,0.46,-0.75,9.83
1401258,-1.72,-1.78,0.37,-0.55,9.99
1401268,-1.66,-1.79,0.19,0.21,9.91
1401278,-1.65,-1.85,0.33,0.72,9.65
1401288,-1.69,-1.93,0.21,1.10,9.93
1401298,-1.74,-1.96,0.25,0.85,9.71
1401308,-1.77,-1.90,0.30,0.29,9.71
1401318,-1.84,-1.85,0.25,-0.04,9.98
1401328,-1.82,-1.77,0.44,-0.24,9.50
1401338,-1.75,-1.66,0.36,-0.47,9.74
1401348,-1.69,-1.57,0.32,-0.33,9.75
1401358,-1.58,-1.52,0.31,-0.03,9.76
1401368,-1.49,-1.40,0.19,0.24,9.69
1401378,-1.37,-1.38,0.24,0.42,9.81
1401388,-1.32,-1.39,0.21,0.33,9.73
1401398,-1.28,-1.33,0.15,0.23,9.82
1401408,-1.18,-1.34,0.32,-0.08,9.80
1401418,-1.17,-1.26,0.24,-0.27,9.82
1401428,-1.07,-1.23,0.16,-0.24,10.00
1401438,-1.08,-1.31,0.23,-0.11,9.95
1401448,-1.08,-1.34,0.23,0.02,9.92
1401458,-1.00,-1.34,0.16,0.31,9.78
1401468,-1.03,-1.35,0.24,0.48,9.95
1401478,-1.03,-1.33,0.22,0.35,9.83
1401488,-1.06,-1.27,0.20,0.11,9.78
1401498,-1.08,-1.25,0.24,-0.04,9.93
1401508,-1.07,-1.18,0.18,0.03,9.75
1401518,-1.13,-1.18,0.17,0.04,9.87
1401528,-1.15,-1.08,0.13,0.09,9.80
1401538,-1.19,-1.03,0.13,0.16,9.83
1401548,-1.26,-0.98,0.16,0.21,9.73
1401558,-1.30,-0.90,0.16,0.34,9.80
1401568,-1.23,-0.80,0.28,0.26,9.81
1401578,-1.17,-0.73,0.34,0.24,9.66
1401588,-1.00,-0.57,0.25,0.35,9.61
1401598,-0.85,-0.48,0.26,0.21,9.77
1401608,-0.77,-0.41,0.20,-0.00,9.79
1401618,-0.59,-0.36,0.13,-0.22,9.82
1401628,-0.48,-0.34,0.12,-0.38,9.82
1401638,-0.36,-0.32,0.16,-0.32,9.85
1401648,-0.28,-0.37,0.13,-0.20,9.83
1401658,-0.17,-0.35,0.13,-0.03,9.79
1401668,-0.16,-0.34,0.10,0.15,9.79
1401678,-0.10,-0.32,0.12,0.25,9.84
1401688,-0.06,-0.32,0.13,0.29,9.82
1401698,-0.04,-0.31,0.08,0.21,9.86
1401708,-0.02,-0.30,0.08,0.06,9.81
1401718,-0.01,-0.29,0.05,-0.09,9.88
1401728,-0.01,-0.35,0.12,-0.10,9.87
1401738,-0.01,-0.41,0.05,-0.11,9.90
1401748,-0.01,-0.36,0.11,-0.02,9.84
1401758,0.06,-0.40,0.14,0.09,9.86
1401768,0.04,-0.42,0.12,0.17,9.84
1401778,0.02,-0.39,0.16,0.25,9.77
1401788,0.08,-0.35,0.17,0.24,9.76
1401798,0.05,-0.34,0.16,0.22,9.81
1401808,0.08,-0.21,0.15,0.17,9.84
1401818,0.10,-0.19,0.14,0.10,9.82
1401828,0.13,-0.12,0.17,0.11,9.82
1401838,0.14,-0.01,0.13,0.09,9.81
1401848,0.14,-0.01,0.13,0.11,9.82
1401858,0.20,0.06,0.15,0.08,9.80
1401868,0.25,0.09,0.11,0.15,9.82
1401878,0.21,0.11,0.12,0.07,9.85
1401888,0.32,0.19,0.11,0.10,9.78
1401898,0.30,0.17,0.09,0.09,9.86
1401908,0.31,0.23,0.01,0.08,9.83
1401918,0.36,0.28,-0.01,0.22,9.80
1401928,0.33,0.30,0.01,0.31,9.82
1401938,0.39,0.31,0.02,0.34,9.78
1401948,0.36,0.36,-0.03,0.29,9.72
1401958,0.39,0.45,0.06,0.16,9.68
1401968,0.43,0.51,0.02,0.05,9.71
1401978,0.44,0.67,0.04,0.04,9.70
1401988,0.58,0.75,0.09,0.01,9.70
1401998,0.60,0.89,0.06,0.09,9.62
1402008,0.72,1.00,0.14,0.18,9.61
1402018,0.81,1.15,0.14,0.28,9.65
1402028,0.91,1.29,0.08,0.36,9.72
1402038,0.98,1.45,0.13,0.32,9.91
1402048,1.07,1.53,0.03,-0.15,9.65
1402058,1.13,1.58,0.08,-0.25,9.83
1402068,1.16,1.67,0.08,-0.22,9.97
1402078,1.24,1.61,0.11,-0.28,9.65
1402088,1.38,1.65,0.16,-0.27,9.85
1402098,1.44,1.65,0.01,-0.03,9.86
1402108,1.44,1.69,0.11,0.29,9.92
1402118,1.46,1.68,0.10,0.45,10.06
1402128,1.60,1.66,0.08,0.26,9.55
1402138,1.64,1.67,0.08,0.11,9.76
1402148,1.66,1.61,0.07,-0.14,9.79
1402158,1.76,1.62,0.13,-0.25,9.81
1402168,1.79,1.58,0.18,-0.36,9.91
1402178,1.86,1.62,0.03,0.03,9.97
1402188,1.81,1.67,0.16,0.22,9.83
1402198,1.71,1.62,0.06,0.68,9.95
1402208,1.64,1.65,0.17,0.65,9.78
1402218,1.52,1.66,0.18,0.46,10.01
1402228,1.51,1.60,0.14,0.22,9.84
1402238,1.48,1.58,0.24,-0.11,9.80
1402248,1.47,1.60,0.22,-0.33,9.86
1402258,1.44,1.51,0.21,-0.55,9.91
1402268,1.44,1.44,0.15,0.00,9.97
1402278,1.48,1.48,0.22,0.26,9.78
1402288,1.47,1.46,0.25,0.49,9.76
1402298,1.44,1.43,0.22,0.36,9.76
1402308,1.46,1.39,0.15,0.04,9.69
1402318,1.55,1.45,0.20,-0.26,9.76
1402328,1.57,1.37,0.23,-0.43,9.73
1402338,1.61,1.37,0.19,-0.42,9.65
1402348,1.68,1.35,0.34,-0.25,9.72
1402358,1.75,1.40,0.23,-0.16,9.93
1402368,1.68,1.48,0.21,0.52,9.87
1402378,1.69,1.48,0.25,0.84,9.73
1402388,1.64,1.57,0.32,1.13,9.68
1402398,1.59,1.61,0.20,0.86,9.87
1402408,1.55,1.67,0.26,0.23,9.70
1402418,1.48,1.60,0.15,-0.37,10.09
1402428,1.49,1.56,0.14,-1.10,9.82
1402438,1.44,1.47,0.16,-0.98,9.94
1402448,1.39,1.40,0.24,-0.46,9.88
1402458,1.43,1.32,0.23,0.30,9.83
1402468,1.35,1.28,0.25,0.99,9.87
1402478,1.35,1.24,0.34,1.13,9.75
1402488,1.30,1.29,0.31,0.88,9.76
1402498,1.33,1.32,0.29,0.17,9.88
1402508,1.38,1.30,0.20,-0.46,9.77
1402518,1.31,1.20,0.24,-0.82,9.93
1402528,1.32,1.20,0.30,-0.76,9.82
1402538,1.40,1.15,0.24,-0.45,9.82
1402548,1.41,1.13,0.32,-0.02,9.94
1402558,1.33,1.12,0.26,0.41,9.82
1402568,1.28,1.11,0.18,0.84,10.01
1402578,1.26,1.10,0.21,1.09,9.77
1402588,1.20,1.10,0.32,0.93,9.77
1402598,1.10,1.14,0.42,0.66,9.73
1402608,1.03,1.23,0.33,0.17,9.75
1402618,0.97,1.30,0.33,-0.16,9.92
1402628,0.90,1.29,0.16,-0.39,9.81
1402638,0.83,1.27,0.17,-0.41,10.02
1402648,0.78,1.17,0.20,-0.37,9.97
1402658,0.73,1.09,0.31,-0.12,9.81
1402668,0.63,1.02,0.31,0.09,9.76
1402678,0.56,0.93,0.38,0.30,9.75
1402688,0.59,0.81,0.40,0.38,9.80
1402698,0.54,0.74,0.35,0.29,9.83
1402708,0.50,0.69,0.36,0.15,9.83
1402718,0.55,0.60,0.29,0.00,9.91
1402728,0.52,0.55,0.40,-0.09,9.83
1402738,0.50,0.52,0.30,-0.07,9.86
1402748,0.49,0.44,0.32,-0.03,9.89
1402758,0.42,0.38,0.33,0.14,9.78
1402768,0.37,0.34,0.39,0.29,9.81
1402778,0.34,0.32,0.29,0.29,9.83
1402788,0.27,0.31,0.39,0.27,9.78
1402798,0.21,0.29,0.38,0.18,9.78
1402808,0.19,0.31,0.34,0.02,9.82
1402818,0.18,0.24,0.37,0.06,9.77
1402828,0.11,0.25,0.33,0.08,9.82
1402838,0.07,0.27,0.36,0.06,9.84
1402848,0.04,0.24,0.36,0.15,9.84
1402858,0.03,0.21,0.37,0.15,9.81
1402868,0.02,0.20,0.34,0.16,9.81
1402878,0.01,0.19,0.40,0.12,9.81
1402888,0.01,0.11,0.35,0.02,9.76
1402898,0.00,0.12,0.40,-0.01,9.84
1402908,0.00,0.07,0.33,-0.07,9.82
1402918,0.00,0.03,0.42,-0.03,9.83
1402928,-0.06,0.02,0.36,0.03,9.81
1402938,-0.04,0.01,0.42,0.11,9.77
1402948,-0.02,-0.05,0.42,0.15,9.76
1402958,-0.01,-0.03,0.40,0.21,9.77
1402968,-0.07,-0.06,0.42,0.17,9.79
1402978,-0.05,-0.10,0.42,0.09,9.79
1402988,-0.03,-0.06,0.43,0.04,9.80
1402998,-0.02,-0.11,0.44,0.01,9.80
1403008,-0.08,-0.07,0.42,0.01,9.82
1403018,-0.05,-0.10,0.43,0.05,9.82
1403028,-0.09,-0.12,0.47,0.11,9.86
1403038,-0.12,-0.13,0.39,0.12,9.88
1403048,-0.13,-0.19,0.49,0.14,9.85
1403058,-0.21,-0.30,0.42,0.14,9.89
1403068,-0.25,-0.36,0.42,0.10,9.93
1403078,-0.28,-0.47,0.46,0.08,9.88
1403088,-0.35,-0.54,0.38,-0.01,9.95
1403098,-0.46,-0.62,0.32,-0.03,9.95
1403108,-0.54,-0.75,0.39,0.00,9.91
1403118,-0.57,-0.88,0.38,-0.00,9.84
1403128,-0.63,-0.95,0.30,0.07,9.91
1403138,-0.75,-1.08,0.40,0.11,9.78
1403148,-0.82,-1.13,0.38,0.20,9.78
1403158,-0.86,-1.24,0.48,0.21,9.78
1403168,-0.93,-1.23,0.55,0.33,9.67
1403178,-0.96,-1.17,0.52,0.20,9.69
1403188,-1.00,-1.07,0.48,0.12,9.84
1403198,-1.13,-1.06,0.42,0.14,9.94
1403208,-1.18,-1.03,0.42,0.15,9.94
1403218,-1.19,-0.98,0.41,0.28,9.68
1403228,-1.21,-1.01,0.36,0.31,9.91
1403238,-1.22,-1.08,0.37,0.36,9.74
1403248,-1.28,-1.19,0.34,0.07,9.90
1403258,-1.28,-1.26,0.26,-0.22,9.87
1403268,-1.31,-1.48,0.41,-0.30,9.93
1403278,-1.32,-1.49,0.40,-0.48,9.85
1403288,-1.42,-1.57,0.40,-0.29,9.86
1403298,-1.46,-1.67,0.33,-0.14,9.76
1403308,-1.56,-1.76,0.34,0.25,9.90
1403318,-1.60,-1.79,0.42,0.52,9.84
1403328,-1.62,-1.86,0.42,0.82,9.88
1403338,-1.70,-1.91,0.30,0.73,9.82
1403348,-1.68,-1.94,0.61,0.43,9.77
1403358,-1.74,-1.84,0.36,-0.13,9.80
1403368,-1.74,-1.79,0.32,-0.43,9.87
1403378,-1.83,-1.80,0.47,-0.77,9.75
1403388,-1.80,-1.73,0.27,-0.43,9.94
1403398,-1.84,-1.68,0.43,0.15,9.93
1403408,-1.85,-1.71,0.33,0.85,9.40
1403418,-1.83,-1.71,0.38,0.98,9.77
1403428,-1.83,-1.76,0.31,0.93,9.70
1403438,-1.78,-1.79,0.35,0.27,9.66
1403448,-1.69,-1.77,0.26,-0.15,10.02
1403458,-1.74,-1.78,0.23,-0.84,9.68
1403468,-1.72,-1.80,0.25,-0.99,9.89
1403478,-1.73,-1.84,0.24,-0.94,9.92
1403488,-1.70,-1.82,0.43,-0.43,9.80
1403498,-1.63,-1.87,0.28,0.55,9.87
1403508,-1.63,-1.91,0.32,1.14,9.47
1403518,-1.62,-1.85,0.35,1.30,9.87
1403528,-1.60,-1.74,0.20,0.97,9.68
1403538,-1.63,-1.71,0.32,0.38,9.68
1403548,-1.62,-1.62,0.12,-0.19,10.09
1403558,-1.67,-1.55,0.16,-0.33,9.86
1403568,-1.70,-1.58,0.29,-0.55,9.70
1403578,-1.68,-1.49,0.21,-0.42,9.93
1403588,-1.66,-1.53,0.33,-0.30,9.78
1403598,-1.57,-1.48,0.37,0.16,9.65
1403608,-1.40,-1.42,0.27,0.59,9.66
1403618,-1.31,-1.40,0.29,0.63,9.76
1403628,-1.28,-1.34,0.23,0.28,9.87
1403638,-1.26,-1.30,0.20,-0.14,9.88
1403648,-1.19,-1.26,0.25,-0.43,9.74
1403658,-1.13,-1.30,0.08,-0.47,9.87
1403668,-1.08,-1.32,0.20,-0.24,9.88
1403678,-1.00,-1.27,0.26,0.30,9.98
1403688,-0.96,-1.26,0.23,0.39,9.66
1403698,-0.89,-1.19,0.28,0.56,9.80
1403708,-0.86,-1.17,0.19,0.35,9.76
1403718,-0.83,-1.09,0.23,0.34,9.83
1403728,-0.85,-1.07,0.22,0.06,9.95
1403738,-0.89,-1.02,0.19,-0.11,9.82
1403748,-0.86,-0.95,0.13,-0.24,9.86
1403758,-0.94,-0.87,0.21,-0.12,9.84
1403768,-0.93,-0.82,0.06,0.16,9.84
1403778,-0.99,-0.80,0.14,0.33,9.79
1403788,-1.06,-0.79,0.13,0.43,9.77
1403798,-1.05,-0.71,0.06,0.40,9.82
1403808,-1.11,-0.73,0.07,0.32,9.75
1403818,-1.09,-0.68,0.11,0.07,9.82
1403828,-1.07,-0.65,0.22,-0.12,9.77
1403838,-1.06,-0.56,0.26,-0.23,9.74
1403848,-0.91,-0.53,0.24,-0.08,9.58
1403858,-0.72,-0.43,0.25,0.01,9.72
1403868,-0.56,-0.38,0.17,0.11,9.77
1403878,-0.40,-0.35,0.15,0.09,9.79
1403888,-0.30,-0.34,0.17,0.03,9.80
1403898,-0.19,-0.34,0.11,-0.03,9.83
1403908,-0.07,-0.27,0.03,-0.07,9.93
1403918,-0.04,-0.28,0.17,-0.12,9.83
1403928,-0.03,-0.35,-0.00,-0.10,9.94
1403938,0.05,-0.35,0.16,-0.02,9.86
1403948,0.03,-0.34,0.14,0.08,9.85
1403958,0.02,-0.31,0.09,0.20,9.82
1403968,0.08,-0.30,0.22,0.21,9.79
1403978,0.05,-0.30,0.12,0.22,9.80
1403988,0.08,-0.25,0.13,0.21,9.75
1403998,0.17,-0.21,0.20,0.12,9.84
1404008,0.16,-0.13,0.07,0.11,9.85
1404018,0.22,-0.08,0.15,0.04,9.80
1404028,0.20,-0.05,0.08,0.08,9.80
1404038,0.24,0.03,0.01,0.17,9.83
1404048,0.21,0.09,0.07,0.24,9.88
1404058,0.19,0.13,-0.04,0.35,9.86
1404068,0.18,0.14,0.03,0.32,9.80
1404078,0.11,0.16,0.01,0.22,9.81
1404088,0.12,0.16,-0.02,0.12,9.76
1404098,0.13,0.20,0.01,0.07,9.75
1404108,0.21,0.31,-0.01,0.03,9.76
1404118,0.18,0.31,0.04,0.09,9.70
1404128,0.22,0.43,-0.01,0.09,9.74
1404138,0.33,0.45,0.03,0.17,9.64
1404148,0.37,0.56,0.04,0.18,9.70
1404158,0.48,0.64,0.00,0.16,9.68
1404168,0.53,0.74,0.05,0.19,9.70
1404178,0.64,0.87,0.09,0.15,9.68
1404188,0.69,1.00,0.07,0.17,9.67
1404198,0.78,1.15,0.12,0.16,9.67
1404208,0.83,1.24,0.12,0.18,9.72
1404218,0.93,1.36,0.08,0.19,9.93
1404228,0.99,1.50,0.11,-0.17,9.78
1404238,1.00,1.50,0.02,-0.26,9.75
1404248,1.09,1.50,0.05,-0.17,9.91
1404258,1.15,1.51,0.15,-0.14,9.70
1404268,1.20,1.55,0.12,-0.31,9.88
1404278,1.26,1.54,0.12,-0.07,9.88
1404288,1.29,1.49,0.09,0.05,9.81
1404298,1.35,1.45,0.09,0.47,9.96
1404308,1.42,1.47,0.07,0.38,9.92
1404318,1.47,1.49,0.13,0.20,9.75
1404328,1.50,1.44,0.12,0.02,9.79
1404338,1.58,1.41,0.10,-0.27,9.75
1404348,1.62,1.39,0.14,-0.24,9.93
1404358,1.59,1.33,0.13,-0.40,9.91
1404368,1.65,1.36,0.06,-0.07,9.88
1404378,1.61,1.30,0.13,0.19,9.88
1404388,1.52,1.33,0.09,0.45,9.95
1404398,1.46,1.35,0.16,0.88,9.76
1404408,1.39,1.36,0.21,0.77,9.76
1404418,1.33,1.43,0.10,0.59,9.93
1404428,1.30,1.42,0.15,0.10,9.76
1404438,1.20,1.39,0.19,-0.31,9.86
1404448,1.20,1.37,0.16,-0.54,9.76
1404458,1.25,1.43,0.16,-0.59,9.75
1404468,1.32,1.42,0.22,-0.42,10.01
1404478,1.28,1.34,0.11,0.23,9.97
1404488,1.29,1.33,0.21,0.60,9.79
1404498,1.30,1.26,0.27,0.76,9.75
1404508,1.27,1.30,0.21,0.47,9.73
1404518,1.31,1.33,0.23,0.14,9.84
1404528,1.40,1.29,0.15,-0.41,9.73
1404538,1.35,1.29,0.19,-0.55,9.85
1404548,1.40,1.26,0.16,-0.63,9.73
1404558,1.44,1.19,0.22,-0.36,9.72
1404568,1.55,1.20,0.32,-0.11,9.75
1404578,1.59,1.20,0.30,0.16,9.90
1404588,1.55,1.26,0.21,0.79,9.91
1404598,1.51,1.28,0.23,0.93,9.75
1404608,1.46,1.33,0.28,1.06,9.70
1404618,1.36,1.40,0.25,0.68,9.68
1404628,1.30,1.46,0.26,0.23,9.80
1404638,1.31,1.47,0.29,-0.21,9.77
1404648,1.26,1.49,0.18,-0.57,9.99
1404658,1.25,1.39,0.08,-0.89,9.97
1404668,1.18,1.32,0.25,-0.73,9.81
1404678,1.20,1.23,0.28,0.02,9.89
1404688,1.22,1.17,0.26,0.51,9.79
1404698,1.19,1.10,0.27,0.80,9.93
1404708,1.15,1.03,0.25,0.79,9.79
1404718,1.06,1.00,0.28,0.51,9.76
1404728,1.08,0.96,0.31,0.13,9.75
1404738,1.07,0.98,0.34,-0.18,9.75
1404748,1.04,1.03,0.28,-0.37,9.82
1404758,1.12,1.05,0.27,-0.39,9.82
1404768,1.04,1.00,0.29,-0.17,9.91
1404778,1.05,0.91,0.27,0.06,9.83
1404788,1.05,0.90,0.29,0.16,9.79
1404798,1.10,0.83,0.30,0.21,9.83
1404808,1.06,0.82,0.31,0.11,9.83
1404818,1.01,0.81,0.29,0.08,9.82
1404828,1.03,0.73,0.24,0.10,9.90
1404838,0.93,0.75,0.23,0.24,9.93
1404848,0.87,0.70,0.30,0.48,9.71
1404858,0.78,0.72,0.22,0.58,9.81
1404868,0.66,0.74,0.23,0.46,9.75
1404878,0.57,0.80,0.34,0.31,9.74
1404888,0.58,0.80,0.36,0.21,9.80
1404898,0.54,0.84,0.35,0.03,9.74
1404908,0.53,0.89,0.42,0.08,9.78
1404918,0.43,0.90,0.24,0.01,9.86
1404928,0.45,0.90,0.32,0.04,9.90
1404938,0.40,0.96,0.15,-0.03,9.93
1404948,0.33,0.91,0.20,0.12,9.92
1404958,0.20,0.80,0.21,0.11,9.98
1404968,0.12,0.72,0.19,0.10,9.90
1404978,0.08,0.56,0.31,0.14,9.82
1404988,-0.01,0.53,0.25,-0.01,9.86
1404998,-0.00,0.38,0.33,-0.04,9.78
1405008,-0.05,0.28,0.26,-0.14,9.80
1405018,-0.03,0.22,0.30,-0.14,9.87
1405028,-0.08,0.14,0.34,-0.13,9.74
1405038,-0.05,0.02,0.28,-0.11,9.82
1405048,-0.03,0.01,0.35,0.05,9.73
1405058,-0.02,-0.04,0.32,0.11,9.77
1405068,-0.01,-0.08,0.30,0.21,9.73
1405078,-0.01,-0.10,0.32,0.26,9.75
1405088,-0.06,-0.11,0.30,0.18,9.79
1405098,-0.04,-0.19,0.29,0.19,9.80
1405108,-0.08,-0.12,0.30,0.12,9.82
1405118,-0.10,-0.19,0.30,0.05,9.75
1405128,-0.13,-0.19,0.32,0.05,9.81
1405138,-0.20,-0.18,0.31,0.10,9.82
1405148,-0.19,-0.17,0.31,0.12,9.81
1405158,-0.30,-0.15,0.37,0.18,9.77
1405168,-0.31,-0.20,0.31,0.14,9.81
1405178,-0.32,-0.18,0.34,0.19,9.86
1405188,-0.37,-0.23,0.39,0.16,9.80
1405198,-0.41,-0.25,0.43,0.20,9.84
1405208,-0.43,-0.22,0.45,0.15,9.91
1405218,-0.39,-0.25,0.54,0.12,9.78
1405228,-0.46,-0.33,0.53,0.04,9.92
1405238,-0.47,-0.33,0.40,-0.02,10.01
1405248,-0.51,-0.37,0.53,-0.02,9.94
1405258,-0.62,-0.46,0.39,-0.02,9.96
1405268,-0.67,-0.64,0.37,0.02,10.08
1405278,-0.78,-0.71,0.39,0.05,10.02
1405288,-0.94,-0.91,0.34,0.06,9.93
1405298,-1.04,-1.03,0.33,0.08,9.94
1405308,-1.20,-1.25,0.27,0.08,9.89
1405318,-1.36,-1.39,0.34,0.16,9.94
1405328,-1.45,-1.59,0.23,0.11,10.14
1405338,-1.58,-1.73,0.58,0.04,9.86
1405348,-1.69,-1.77,0.52,-0.00,10.02
1405358,-1.75,-1.84,0.40,-0.09,9.70
1405368,-1.80,-1.97,0.43,0.23,9.93
1405378,-1.88,-2.04,0.26,0.30,9.96
1405388,-1.97,-2.14,0.29,0.46,9.70
1405398,-2.12,-2.22,0.40,0.40,10.07
1405408,-2.18,-2.23,0.60,-0.08,9.53
1405418,-2.12,-2.16,0.55,-0.10,9.81
1405428,-2.11,-2.01,0.57,-0.03,9.54
1405438,-2.03,-1.91,0.49,0.23,9.48
1405448,-1.95,-1.80,0.39,0.33,9.66
1405458,-1.85,-1.76,0.31,0.28,9.66
1405468,-1.83,-1.78,0.19,0.20,9.83
1405478,-1.83,-1.86,0.27,-0.00,9.87
1405488,-1.85,-1.88,0.31,-0.32,9.85
1405498,-1.85,-1.86,0.35,-0.47,9.91
1405508,-1.77,-1.84,0.39,-0.55,10.03
1405518,-1.76,-1.86,0.26,0.15,9.88
1405528,-1.80,-1.91,0.18,0.40,9.74
1405538,-1.82,-1.99,0.23,0.80,9.74
1405548,-1.82,-2.00,0.22,0.67,9.82
1405558,-1.92,-2.02,0.27,0.33,9.79
1405568,-1.87,-1.95,0.28,0.15,9.82
1405578,-1.89,-1.88,0.46,-0.11,9.62
1405588,-1.85,-1.79,0.55,-0.19,9.66
1405598,-1.70,-1.69,0.27,-0.22,9.73
1405608,-1.61,-1.55,0.36,-0.04,9.64
1405618,-1.54,-1.44,0.22,0.14,9.80
1405628,-1.49,-1.41,0.17,0.39,9.83
1405638,-1.43,-1.43,0.21,0.17,9.75
1405648,-1.35,-1.40,0.20,-0.01,9.74
1405658,-1.33,-1.40,0.29,0.06,9.83
1405668,-1.21,-1.36,0.20,0.06,9.92
1405678,-1.17,-1.39,0.22,0.11,9.96
1405688,-1.18,-1.38,0.25,0.00,9.83
1405698,-1.14,-1.45,0.08,0.12,9.85
1405708,-1.19,-1.44,0.12,0.08,9.92
1405718,-1.20,-1.46,0.26,0.37,10.00
1405728,-1.20,-1.49,0.20,0.05,9.68
1405738,-1.28,-1.45,0.15,0.03,9.80
1405748,-1.32,-1.36,0.15,0.04,9.88
1405758,-1.35,-1.36,0.14,0.24,9.85
1405768,-1.41,-1.24,0.17,0.13,9.83
1405778,-1.45,-1.15,0.23,0.08,9.81
1405788,-1.44,-1.14,0.21,0.11,9.80
1405798,-1.34,-0.99,0.44,0.34,9.66
1405808,-1.23,-0.84,0.29,0.48,9.49
1405818,-1.05,-0.70,0.28,0.50,9.69
1405828,-0.94,-0.60,0.20,0.24,9.76
1405838,-0.75,-0.60,0.16,0.01,9.79
1405848,-0.71,-0.56,0.11,-0.34,9.83
1405858,-0.55,-0.52,0.16,-0.52,9.78
1405868,-0.45,-0.55,0.11,-0.44,9.81
1405878,-0.39,-0.51,0.11,-0.28,9.83
1405888,-0.36,-0.54,0.13,0.01,9.83
1405898,-0.29,-0.57,0.01,0.22,9.84
1405908,-0.24,-0.60,0.14,0.35,9.79
1405918,-0.27,-0.61,0.01,0.40,9.89
1405928,-0.23,-0.62,0.07,0.19,9.87
1405938,-0.19,-0.56,0.15,0.04,9.81
1405948,-0.16,-0.63,0.08,-0.05,9.79
1405958,-0.22,-0.57,0.18,-0.12,9.81
1405968,-0.14,-0.60,0.17,-0.09,9.80
1405978,-0.15,-0.49,0.13,0.06,9.83
1405988,-0.16,-0.47,0.21,0.16,9.85
1405998,-0.10,-0.41,0.12,0.32,9.84
1406008,-0.11,-0.37,0.12,0.32,9.82
1406018,-0.12,-0.33,0.14,0.26,9.85
1406028,-0.13,-0.26,0.09,0.16,9.87
1406038,-0.13,-0.27,0.11,0.10,9.87
1406048,-0.13,-0.28,0.13,0.04,9.82
1406058,-0.20,-0.23,0.10,0.02,9.78
1406068,-0.13,-0.22,0.10,0.02,9.85
1406078,-0.12,-0.21,0.14,0.14,9.80
1406088,-0.13,-0.13,0.10,0.16,9.79
1406098,-0.15,-0.08,0.11,0.17,9.78
1406108,-0.09,-0.05,0.18,0.16,9.80
1406118,-0.06,-0.03,0.08,0.11,9.79
1406128,-0.04,0.05,0.08,0.04,9.84
1406138,0.03,0.03,0.09,0.02,9.84
1406148,0.02,0.07,0.06,0.03,9.82
1406158,0.06,0.04,0.14,0.10,9.85
1406168,0.11,0.08,0.08,0.10,9.81
1406178,0.07,0.11,0.13,0.10,9.84
1406188,0.10,0.12,0.11,0.10,9.80
1406198,0.19,0.19,0.12,0.09,9.78
1406208,0.18,0.17,0.11,0.04,9.80
1406218,0.29,0.29,0.12,-0.00,9.79
1406228,0.30,0.29,0.12,-0.04,9.75
1406238,0.42,0.36,0.11,-0.03,9.71
1406248,0.56,0.39,0.16,0.01,9.70
1406258,0.64,0.46,0.10,-0.03,9.79
1406268,0.76,0.52,0.06,-0.01,9.77
1406278,0.82,0.54,0.08,-0.01,9.80
1406288,0.91,0.62,0.02,-0.07,9.86
1406298,0.99,0.62,0.03,0.01,9.86
1406308,1.02,0.67,-0.00,0.40,9.99
1406318,0.97,0.71,-0.06,0.59,9.74
1406328,0.95,0.73,0.03,0.62,9.76
1406338,0.93,0.85,-0.01,0.40,9.73
1406348,0.89,0.97,0.13,0.16,9.67
1406358,0.88,1.07,0.08,0.05,9.72
1406368,0.96,1.20,0.16,-0.01,9.65
1406378,1.06,1.33,0.12,0.03,9.74
1406388,1.06,1.47,0.15,0.18,9.92
1406398,1.20,1.56,0.13,-0.17,9.71
1406408,1.27,1.60,0.01,-0.15,9.75
1406418,1.32,1.68,0.16,-0.03,9.92
1406428,1.40,1.68,0.14,-0.28,9.75
1406438,1.46,1.75,0.01,-0.07,9.80
1406448,1.58,1.77,0.19,0.11,9.88
1406458,1.63,1.73,0.10,0.50,9.92
1406468,1.68,1.80,0.12,0.41,9.80
1406478,1.78,1.79,0.17,0.03,9.58
1406488,1.82,1.82,0.05,-0.19,9.85
1406498,1.89,1.79,0.15,-0.35,9.94
1406508,1.91,1.73,0.14,-0.31,9.92
1406518,1.92,1.69,-0.01,-0.01,9.83
1406528,1.89,1.75,0.17,0.19,9.95
1406538,1.82,1.75,0.22,0.66,9.81
1406548,1.78,1.79,0.08,0.73,9.71
1406558,1.68,1.74,0.26,0.47,9.78
1406568,1.69,1.77,0.08,0.15,9.72
1406578,1.69,1.81,0.18,-0.19,9.78
1406588,1.72,1.72,0.22,-0.40,10.06
1406598,1.73,1.71,0.04,-0.05,9.88
1406608,1.67,1.64,0.21,0.15,9.87
1406618,1.67,1.65,0.24,0.23,9.69
1406628,1.67,1.66,0.20,0.17,9.82
1406638,1.75,1.69,0.20,-0.14,9.79
1406648,1.74,1.59,0.18,-0.25,9.68
1406658,1.84,1.55,0.18,-0.34,9.85
1406668,1.86,1.54,0.28,-0.28,9.77
1406678,1.83,1.58,0.24,-0.17,9.99
1406688,1.81,1.56,0.17,0.58,9.90
1406698,1.83,1.55,0.34,0.87,9.56
1406708,1.72,1.66,0.28,0.98,9.70
1406718,1.71,1.74,0.34,0.87,9.76
1406728,1.69,1.77,0.25,0.22,9.70
1406738,1.71,1.81,0.20,-0.44,10.08
1406748,1.67,1.72,0.12,-1.07,9.89
1406758,1.68,1.64,0.12,-0.91,10.07
1406768,1.54,1.59,0.16,-0.15,9.84
1406778,1.56,1.54,0.25,0.54,9.69
1406788,1.49,1.49,0.39,1.06,9.73
1406798,1.47,1.50,0.31,1.03,9.65
1406808,1.55,1.51,0.29,0.62,9.90
1406818,1.55,1.45,0.27,-0.18,9.80
1406828,1.57,1.44,0.22,-0.61,9.83
1406838,1.54,1.35,0.15,-0.90,9.91
1406848,1.51,1.28,0.24,-0.63,9.93
1406858,1.52,1.28,0.33,-0.20,9.91
1406868,1.40,1.27,0.22,0.65,9.69
1406878,1.37,1.24,0.34,1.08,9.59
1406888,1.34,1.24,0.32,1.20,9.70
1406898,1.24,1.35,0.37,1.00,9.69
1406908,1.26,1.37,0.40,0.52,9.86
1406918,1.25,1.42,0.22,-0.14,9.98
1406928,1.17,1.45,0.30,-0.51,9.88
1406938,1.14,1.44,0.23,-0.73,9.89
1406948,1.09,1.32,0.19,-0.71,9.81
1406958,0.97,1.22,0.29,-0.34,9.88
1406968,0.90,1.11,0.39,0.09,9.82
1406978,0.91,1.08,0.28,0.67,9.80
1406988,0.79,0.96,0.27,0.84,9.78
1406998,0.73,0.90,0.18,0.73,9.94
1407008,0.68,0.79,0.38,0.46,9.82
1407018,0.58,0.79,0.27,0.07,9.81
1407028,0.60,0.73,0.46,-0.24,9.75
1407038,0.55,0.68,0.30,-0.59,9.71
1407048,0.59,0.66,0.37,-0.36,9.80
1407058,0.54,0.70,0.42,-0.02,9.78
1407068,0.58,0.66,0.26,0.10,9.92
1407078,0.53,0.64,0.31,0.28,9.78
1407088,0.56,0.58,0.27,0.29,9.82
1407098,0.52,0.47,0.37,0.19,9.74
1407113,0.51,0.39,0.39,-0.02,9.76
1407123,0.56,0.37,0.42,-0.08,9.82
1407133,0.52,0.28,0.31,-0.11,9.82
1407143,0.43,0.22,0.32,-0.03,9.83
1407153,0.45,0.27,0.35,0.08,9.83
1407163,0.38,0.16,0.35,0.25,9.83
1407173,0.35,0.10,0.35,0.32,9.80
1407183,0.32,0.06,0.31,0.29,9.89
1407193,0.33,0.04,0.39,0.16,9.77
1407203,0.20,0.02,0.37,0.14,9.86
1407213,0.17,-0.04,0.42,-0.06,9.79
1407223,0.11,-0.07,0.42,0.00,9.77
1407233,0.12,-0.11,0.41,0.10,9.83
1407243,0.07,-0.13,0.44,0.22,9.81
1407253,-0.01,-0.14,0.51,0.29,9.76
1407263,-0.00,-0.14,0.45,0.28,9.75
1407273,-0.00,-0.14,0.50,0.20,9.75
1407283,-0.05,-0.16,0.51,0.10,9.76
1407293,-0.11,-0.10,0.51,-0.01,9.85
1407303,-0.08,-0.12,0.49,0.01,9.87
1407313,-0.17,-0.13,0.48,0.01,9.87
1407323,-0.17,-0.19,0.47,0.08,9.90
1407333,-0.22,-0.30,0.47,0.05,9.91
1407343,-0.30,-0.38,0.48,0.11,9.90
1407353,-0.36,-0.41,0.41,0.23,9.97
1407363,-0.52,-0.56,0.39,0.11,9.92
1407373,-0.56,-0.65,0.46,0.23,9.87
1407383,-0.69,-0.75,0.39,0.05,9.83
1407393,-0.79,-0.85,0.38,0.02,9.90
1407403,-0.95,-0.92,0.32,-0.07,9.95
1407413,-1.07,-1.10,0.40,-0.13,9.89
1407423,-1.14,-1.23,0.33,-0.07,9.78
1407433,-1.17,-1.29,0.54,0.09,9.88
1407443,-1.24,-1.37,0.39,0.20,9.76
1407453,-1.24,-1.38,0.62,0.33,9.77
1407463,-1.25,-1.45,0.56,0.45,9.63
1407473,-1.23,-1.35,0.49,0.27,9.70
1407483,-1.26,-1.25,0.47,0.11,9.71
1407493,-1.31,-1.29,0.29,0.06,9.95
1407503,-1.39,-1.31,0.26,-0.11,9.78
1407513,-1.52,-1.36,0.31,-0.04,9.84
1407523,-1.61,-1.44,0.37,0.06,10.18
1407533,-1.67,-1.53,0.44,0.46,9.69
1407543,-1.75,-1.60,0.48,0.65,9.78
1407553,-1.74,-1.63,0.55,0.58,9.83
1407563,-1.71,-1.76,0.46,0.00,9.85
1407573,-1.71,-1.75,0.32,-0.47,9.84
1407583,-1.75,-1.82,0.36,-0.69,9.72
1407593,-1.78,-1.86,0.19,-0.68,9.96
1407603,-1.81,-1.96,0.41,-0.12,9.89
1407613,-1.82,-2.03,0.40,0.51,10.02
1407623,-1.81,-1.98,0.66,0.71,9.71
1407633,-1.75,-1.90,0.52,0.79,9.67
1407643,-1.73,-1.79,0.36,0.43,9.86
1407653,-1.76,-1.80,0.32,0.15,9.59
1407663,-1.83,-1.72,0.21,-0.12,9.87
1407673,-1.89,-1.76,0.29,-0.48,9.78
1407683,-1.97,-1.78,0.11,-0.23,10.15
1407693,-2.08,-1.85,0.37,0.05,10.07
1407703,-2.07,-1.92,0.36,0.68,9.40
1407713,-2.00,-1.92,0.45,0.59,9.75
1407723,-1.92,-1.94,0.31,0.30,9.77
1407733,-1.94,-1.90,0.13,-0.06,9.63
1407743,-1.90,-1.93,0.22,-0.33,9.80
1407753,-1.89,-1.96,0.22,-0.62,9.81
1407763,-1.91,-1.94,0.33,-0.61,10.01
1407773,-1.84,-1.97,0.48,-0.46,9.64
1407783,-1.76,-1.90,0.31,0.38,9.79
1407793,-1.73,-1.88,0.39,0.75,9.79
1407803,-1.71,-1.79,0.34,1.01,9.77
1407813,-1.69,-1.74,0.11,0.76,9.84
1407823,-1.77,-1.75,0.15,0.33,9.69
1407833,-1.83,-1.75,0.07,0.04,10.14
1407843,-1.93,-1.75,0.22,-0.26,9.82
1407853,-1.97,-1.77,0.46,-0.34,9.60
1407863,-1.90,-1.76,0.21,-0.21,9.92
1407873,-1.80,-1.69,0.41,-0.10,9.72
1407883,-1.69,-1.68,0.21,-0.10,9.67
1407893,-1.61,-1.66,0.21,0.00,9.74
1407903,-1.55,-1.57,0.19,0.09,9.75
1407913,-1.48,-1.60,0.29,0.13,9.78
1407923,-1.38,-1.50,0.30,0.15,9.72
1407933,-1.27,-1.45,0.21,0.15,9.67
1407943,-1.21,-1.38,0.32,0.41,9.91
1407953,-1.16,-1.31,0.26,0.38,9.87
1407963,-1.08,-1.27,0.19,0.15,9.85
1407973,-1.09,-1.20,0.19,-0.06,9.84
1407983,-1.08,-1.14,0.15,0.00,9.84
1407993,-1.11,-1.14,0.19,-0.17,9.81
1408003,-1.16,-1.06,0.10,0.11,9.87
1408013,-1.20,-1.08,-0.03,0.09,9.91
1408023,-1.27,-1.06,0.03,0.21,9.88
